სათაური,ფასი,წიგნის სურათის ლინკი
სამი რომანი ერთ წიგნად,30.95 ₾,https://apiv1.biblusi.ge/storage/book/Z2e7vQUVdyGecfclNdqJkP2OqH99YmLMsuNwwnI6.jpg
საიეს მარნერი  ჯორჯ ელიოტი,37.95 ₾,https://apiv1.biblusi.ge/storage/book/BJu3JA9B2kFESmwfYIG6B8xm3iSP8iaBBXYTGlRK.png
კობი ბრაიანი-81 ამბავი,10.36 ₾,https://apiv1.biblusi.ge/storage/book/OBbu4hJ2RYuygBdpVGlgS8IPZDn1FCQxOIeLdmbk.png
ვიქტორ სანეევი-სერია ლეგენდები,11.95 ₾,https://apiv1.biblusi.ge/storage/book/QhpyUuSecGeTfP11c1j6hThauijEnljdwsYatD8o.jpg
ოთარ ქორქია-სერია ლეგენდები,11.95 ₾,https://apiv1.biblusi.ge/storage/book/4F6qce0Ic1WQHC9qpxqj1VRXOpXHrmPIUwGKtPC5.jpg
ალესანდრო დელპიერო-სერია ლეგენდები,11.95 ₾,https://apiv1.biblusi.ge/storage/book/XERFFpNPCzQowviAZ8myd2WFmTwwMFlgIZfssdx6.jpg
ძვირფასო იჯაველე ანუ ფემინისტური მანიფესტი,34.95 ₾,https://apiv1.biblusi.ge/storage/book/vqEqd12lb5hOCS7QTBFGMZMAv8yZpz2d4EyDYmzY.jpg
"მოთხრობები, პიესები",24.95 ₾,https://apiv1.biblusi.ge/storage/book/GHsWWzXosyb0XvAcXIE8wGvyjrTVmQctJI61ji3d.jpg
მარტინ იდენი - საკოლექციო,14.95 ₾,https://apiv1.biblusi.ge/storage/book/31achTQDr1mOgWdLsJ5UJpSvqfrzY7SuktzzkcnN.jpg
გიორგი ნიკოლაძე-სერია ლეგენდები,11.95 ₾,https://apiv1.biblusi.ge/storage/book/Q0zpC7pvu1pXOlQAYzfvIyT7Bz8ByWk1sk8D2i3R.png
ლიონელ მესი-სერია ლეგენდები,11.95 ₾,https://apiv1.biblusi.ge/storage/book/IeSG456eyddVfnugIFR6rG8EXc2yh5bGvcH3A2Ri.jpg
ანი ერნო - ქალი,11.95 ₾,https://apiv1.biblusi.ge/storage/book/lqNpWTfQMrNVJqlCvaVDeCt1d0SF9Bh19gzoOXyZ.jpg
ჯან ლუიჯი ბუფონი-სერია ლეგენდები,11.95 ₾,https://apiv1.biblusi.ge/storage/book/1f2tyLDJoDaFHdDNmPBx3vy93OieWxGtksnn8T6P.jpg
რონალდო- სერია ლეგენდები,11.95 ₾,https://apiv1.biblusi.ge/storage/book/pyuCgmM1nrZg2Q6zTgMK4ifkSAE8uUdfCha1DySG.jpg
ჭირის მეგობარი ლუკა ხატიაშვილი,16.95 ₾,https://apiv1.biblusi.ge/storage/book/7JlEGCC11Sb1puYhNzlMmeylwzjUqnRHa8gDYroj.jpg
არტემიო კრუსის სიკვდილი,24.95 ₾,https://apiv1.biblusi.ge/storage/book/3YmoQGSnybhGeGWJ09X2txGL9oU3UmpC6syJTRWS.jpg
იგავ-არაკები,8.95 ₾,https://apiv1.biblusi.ge/storage/book/uijbnpvqOEay12FqKgavXaSKdohikPpCUwxbumAE.jpg
მშვიდობით გაბო და მერსედეს როდრგო გარსია,26.95 ₾,https://apiv1.biblusi.ge/storage/book/hqsZTuiZGjQTMafLFRG00ALcpSOjHoedCk82QcId.jpg
ნოემბრის წვიმა და სხვა,24.95 ₾,https://apiv1.biblusi.ge/storage/book/iqKXjiRV1mJGsYBZ1dweSv5ebvb8m4YAyPdsthWs.jpg
ოკუპაციიდან დამოუკიდებლობამდე 1921 - 1991,19.95 ₾,https://apiv1.biblusi.ge/storage/book/96zja5YSiJGXVTI4W96QM9UHv9E0thktJyc5aL0D.png
ორი საბანი,24.95 ₾,https://apiv1.biblusi.ge/storage/book/1Npez1Bt7eCfMSiJNuQyB4GNZZU4Cv4huU9G9wPi.jpg
მე გადმოვცურავ ზღვას,14.95 ₾,https://apiv1.biblusi.ge/storage/book/KC3wdjZK9bgopOgSjhoCv9jhxksDOuur1WFdvHhq.jpg
ძაღლი და კატა - ვეტერინალური დაავადებების ცნობარი,30 ₾,https://apiv1.biblusi.ge/storage/book/cQsrsTOWGRhm2k3doK26QyE0UX5jrkdgSo9nkWLM.jpg
სიმართლე გითხრათ - მამუკა ხაზარაძე,19 ₾,https://apiv1.biblusi.ge/storage/book/ln2pKRqqfVrMNa4kJud2zgNjhhxG65eDQeagv8Sp.jpg
ნოემბრის წვიმა და სხვა,24.95 ₾,https://apiv1.biblusi.ge/storage/book/iqKXjiRV1mJGsYBZ1dweSv5ebvb8m4YAyPdsthWs.jpg
ოკუპაციიდან დამოუკიდებლობამდე 1921 - 1991,19.95 ₾,https://apiv1.biblusi.ge/storage/book/96zja5YSiJGXVTI4W96QM9UHv9E0thktJyc5aL0D.png
ძაღლი და კატა - ვეტერინალური დაავადებების ცნობარი,30 ₾,https://apiv1.biblusi.ge/storage/book/cQsrsTOWGRhm2k3doK26QyE0UX5jrkdgSo9nkWLM.jpg
როდესაც ნიცშე ატირდა,35 ₾,https://apiv1.biblusi.ge/storage/book/RGhge0MGKl4uIaYbGySW4rmd87l7NWxIR7AILv9r.jpg
პეპე გვარდიოლა-სერია ლეგენდები,11.95 ₾,https://apiv1.biblusi.ge/storage/book/UgbRJPuVtmTyYRguQ4hOZb2PqFbovOklLp5UG2jx.png
რონალდო- სერია ლეგენდები,11.95 ₾,https://apiv1.biblusi.ge/storage/book/pyuCgmM1nrZg2Q6zTgMK4ifkSAE8uUdfCha1DySG.jpg
მსოფლიოს ისტორია ილუსტრირებული 5ტ,27.95 ₾,https://apiv1.biblusi.ge/storage/book/C9DpRzOCo1lDJ4ZcojV6iFosD22RdETWhGqaVhi6.jpg
დავით ყიფიანი-სერია ლეგენდები,11.95 ₾,https://apiv1.biblusi.ge/storage/book/hlaEBMuuwikenZJs4uORLcgkdlqilDLbEQWBdbml.jpg
ორი საბანი,24.95 ₾,https://apiv1.biblusi.ge/storage/book/1Npez1Bt7eCfMSiJNuQyB4GNZZU4Cv4huU9G9wPi.jpg
იაპონური მოთხრობები,9.95 ₾,https://apiv1.biblusi.ge/storage/book/m25l999CRlQFnOkyTzatjhBYvPARdthrMPZDfJv2.jpg
ქართული დიპლომატია - წელიწდეული 20 ტომი,20 ₾,https://apiv1.biblusi.ge/storage/book/LinJJOzuqMBVmVyFrF1T7BpiIG0sz9C8lQfUSu5C.jpg
შენთვის და შენზე,15 ₾,https://apiv1.biblusi.ge/storage/book/T38yWHHbhLCmbSbr6bH5NIVY1C9QGvIODqJAyCyL.jpg
ილუზიების მატარებელი,15 ₾,https://apiv1.biblusi.ge/storage/book/HhZLcYnAT03PDcvYDU4UD4g6kXHRQFZpKz9ugIPQ.jpg
საქართველო ევროპულ მინიატურულ რუკებზე,61.95 ₾,https://apiv1.biblusi.ge/storage/book/bnYeZ6H63OQpL9xllDEPyvVtMIlUG35rrQ5rt4fb.jpg
ვიბრამები,15 ₾,https://apiv1.biblusi.ge/storage/book/ct4EbUJqQ0BD8jtdawiNrVlrJTcvbZqDle6HOyzC.jpg
ჩემი ადამიანი,11.95 ₾,https://apiv1.biblusi.ge/storage/book/yZOE7uY3ejIYs4g2Or12drcLxyFx1yIA89Ykxmbh.jpg
მე ვარ ლენი ბრაუნი,12.95 ₾,https://apiv1.biblusi.ge/storage/book/JGh7gMRGEfAdG4eNTmDbtsPVEHPUJ9WW9GmggEv9.jpg
ადამიანის ორგანიზმი ქრისტინა პარაბონი,34.95 ₾,https://apiv1.biblusi.ge/storage/book/Q3KH82MOZ08MWEHfkqW9s6PMokh64TwM0TANIAv3.jpg
სპარსული წერილები,11.9 ₾,https://apiv1.biblusi.ge/storage/book/SgI8fzkfPhw2whoFntfFKHoFcSVVU7MSG14Oydix.jpg
ეგებ ოდესმე,16.95 ₾,https://apiv1.biblusi.ge/storage/book/Z7g8YNARZ218Mp9kk0KYEcvlKiIXOjIVTEOXczAz.jpg
მაკბეტი უილიამ შექსპირი,29.95 ₾,https://apiv1.biblusi.ge/storage/book/wpOBTDQSQSWR0CpLzZ61kSZiTqWtsDyX8xG8tXv8.png
დეიზი ჯოუნსი და ექვსეული,16.95 ₾,https://apiv1.biblusi.ge/storage/book/rgo21ZV2Bdq0lpXCoTla89OuK99RgzdiXhf7aETo.png
ბრენდა რალფ ლუისი - ჩერჩილი,23.95 ₾,https://apiv1.biblusi.ge/storage/book/Obf7JfUCvJDH25GtB9iqsclaPKgVK9Nh7FpVUKoI.jpg
არგონავტები,20.9 ₾,https://apiv1.biblusi.ge/storage/book/6BMKFrSmKA4weP6bVcdGTsPMF3guAosq9rM0leb1.jpg
ბიჭი ზოლიან პიჟამაში,13.9 ₾,https://apiv1.biblusi.ge/storage/book/Spi5T8TDkuGb3AfkDcVSQ75ehSac0NTMvbfuYkUa.jpg
სხვა სახელი სეპტოლოგია I-II,25.9 ₾,https://apiv1.biblusi.ge/storage/book/FcPgYzHmXZIaR0b7fTrKHhMxTbgWEPE70r33nYPj.jpg
აკადემია-რატომ ვერ აღწევენ წარმატებას სახელმწიფოები,29.9 ₾,https://apiv1.biblusi.ge/storage/book/6zR1DduAJGP4AInmArj7YptezDzrCjiLGj9M3Lzr.jpg
სალამურას თავგადასავალი,26.9 ₾,https://apiv1.biblusi.ge/storage/book/K4TEbr4ZwxNKtotxNriBL3Fr36txPo9Q4DTVJ0mO.jpg
7 მე მიყვარს კითხვა - ბატი და ბუტი,7.9 ₾,https://apiv1.biblusi.ge/storage/book/ItPiHRrSeCLzd3OdloKOGUffDvoWJWdMcupaOyMn.jpg
ავსულნი,30.9 ₾,https://apiv1.biblusi.ge/storage/book/bvpsdcAOFx9QODs949YOJGhOzHqPWxorQE1FQN81.jpg
ასა ჰელი მოგზაურის ქრონიკები,26.95 ₾,https://apiv1.biblusi.ge/storage/book/B4mgMnsfxA1OGltQScLpn0JZCIQ4V6JY3UvJmEv4.jpg
ახალგაზედა მკითხველისთვის-ყვავილები ელჯერნონისთვის,14.9 ₾,https://apiv1.biblusi.ge/storage/book/ZobmxiXl2LSOKbsJIQaLhaP3DFlFwTjnQcX32djc.jpg
მხიარული მატარებელი და სხვა ამბები,15.95 ₾,https://apiv1.biblusi.ge/storage/book/imxf8H4hhYRiCTzsLHqrcnsIHaHWuo1g23eYZ0Ds.jpg
პლანეტა დედამიწა,27.97 ₾,https://apiv1.biblusi.ge/storage/book/p0JMnBrLIs1tUaMmqwUYvwjvHIcNOA0LIAtTyJ6c.jpg
არგონავტები,20.9 ₾,https://apiv1.biblusi.ge/storage/book/6BMKFrSmKA4weP6bVcdGTsPMF3guAosq9rM0leb1.jpg
სახლი მანგოს ქუჩაზე,12.9 ₾,https://apiv1.biblusi.ge/storage/book/i8roUGns6jmbcZlHeNOfsg7CfOXixKMuvn5S8ojT.jpg
მუსიკა ამბოხის სირცხვილისა და მითვისების ისტორია,37.9 ₾,https://apiv1.biblusi.ge/storage/book/zN91YGUsdifXHuhHPxyWi2V6zp0eiPecSUPuPWZG.jpg
სანტა ესპერანსა რვეულები ჩანთით,64.9 ₾,https://apiv1.biblusi.ge/storage/book/3HB030xEyOKDWBNrkqWUu0PGNZnitE7gdrFyqtgA.jpg
ტანჟერული სიზმარი,22.9 ₾,https://apiv1.biblusi.ge/storage/book/SRlLyEFLZPLuuQAwlR90695GfqxViBrRRyGwMTmv.jpg
ტალღა,13.9 ₾,https://apiv1.biblusi.ge/storage/book/lwlPcEbdQY1FXRZMbHwOEiMryN4NnDX6G0Qb1BUk.jpg
მკვდარი სახლის ჩანაწერები,11.9 ₾,https://apiv1.biblusi.ge/storage/book/JnPUhTQegbYA8Fpx0sBlMAzx0MYYRINigIAzysvp.jpg
8 მე მიყვარს კითხვა -სოფის ფათერაკები,8.9 ₾,https://apiv1.biblusi.ge/storage/book/JWVS06Y2Lc3grHnYk4kSdKm3x9jawOPC8r8uMWSJ.jpg
თეთრი დათვი და მურა დათვი,15.95 ₾,https://apiv1.biblusi.ge/storage/book/Pdnnpg2nTu86FbYxtHCUAQrhlAm0n5IST7wVDGme.jpg
"ფილოსოფია ,ხელოვნება",10 ₾,https://apiv1.biblusi.ge/storage/book/mmmt2q196oQreN59diM1sxlWzP6r9vK6m4NGUWI8.jpg
ეგოიზმი ფილოსოფიაში2024,12 ₾,https://apiv1.biblusi.ge/storage/book/Lhz95bqMiYZepBJLGsssHBJ2AsHoMjoIi0MwYGAQ.jpg
7 მე მიყვარს კითხვა - ზღაპრად ქცეული ამბები,7.9 ₾,https://apiv1.biblusi.ge/storage/book/C0tIbTltqihSnc0BWEjLTQ07VqPhYCbAK8Ejxvc9.jpg
ფილოსოფია,20 ₾,https://apiv1.biblusi.ge/storage/book/5SzciHh8cb7htO0DTmT9cZOtUBnFUyqpoDNYh3DJ.png
NARUTO 15,25.99 ₾,https://apiv1.biblusi.ge/storage/book/uUdlYDU2N4Qi3qhRp2hLcFgd9X75DY0I50DWbsl5.png
FULLMETAL ALCHEMIST 02,25.99 ₾,https://apiv1.biblusi.ge/storage/book/MY34KiddmUsrIgqS0xWvGIAmFqC9JVfiHurXXV2H.png
CHAINSAW MAN VOL. 11,25.99 ₾,https://apiv1.biblusi.ge/storage/book/dbCRyJHvIsrvqG8mxipozUSfbBxdXg6yyJAq2E4T.png
SPY X FAMILY VOL. 3,25.99 ₾,https://apiv1.biblusi.ge/storage/book/6WRKWYBowpOC0Qoo4GmiA02UlAbrtoITsupHSQrx.png
CHAINSAW MAN VOL. 08,25.99 ₾,https://apiv1.biblusi.ge/storage/book/XBgqYx33ja3m9ZbKVAWF1HpsZjLjvK18D4vIqcMc.png
SPY X FAMILY VOL. 5,25.99 ₾,https://apiv1.biblusi.ge/storage/book/TiD9SlBOKc4cn1dhOBXmL4b4r2bw4j2m7kWdGpGT.png
ONE-PUNCH MAN VOL. 07,25.99 ₾,https://apiv1.biblusi.ge/storage/book/co4pCFMGmAIWIGaXQLcnrbW1wMMYVz6DozwujNBE.png
death note manga 9,25.99 ₾,https://apiv1.biblusi.ge/storage/book/aUWE4pkIvGUdgzeFN4QTQ4JCuNYH0fzuGbVJl8El.png
ONE PIECE VOL. 13,29.99 ₾,https://apiv1.biblusi.ge/storage/book/tCdt9rvatvWBoX5rMkGpdPiAR0k9s124FhPzLkiO.png
NARUTO 14,25.99 ₾,https://apiv1.biblusi.ge/storage/book/8fM9N67vv51YbpjDB8F6jLN2wwMJsttzQQloJ8j0.png
CHAINSAW MAN VOL. 05,25.99 ₾,https://apiv1.biblusi.ge/storage/book/A3mJhwt08O52WKw8LxpFFeZhg3ixWSklIETxM51I.png
"Spy x Family, Vol. 4 (4)",25.99 ₾,https://apiv1.biblusi.ge/storage/book/YLrlpXsowonQyjBPODo2ExhIxgse9XWAEk49erj3.png
death note manga 8,25.99 ₾,https://apiv1.biblusi.ge/storage/book/Et7jT6hJu3NAUmCUrRG9dMvHblpgcgDDPvtXAleI.png
NARUTO 18,25.99 ₾,https://apiv1.biblusi.ge/storage/book/1cgl6IQM40rVF4mFXOKePXP13GxGuCIkuXaJcfhX.png
NARUTO 19,25.99 ₾,https://apiv1.biblusi.ge/storage/book/XNvPNABEuNprr4uXfPJALkJHf3anOE6mw2uiUzjT.png
ONE PIECE: ACE'S STORY V2,25.99 ₾,https://apiv1.biblusi.ge/storage/book/ihkev9E7tZitAMDS8Ibw8bEXPLqu1TqbEIEhJzb0.png
AFTER EVER HAPPY,27.99 ₾,https://apiv1.biblusi.ge/storage/book/yDllvrHQpcJkFKmqdOmbyAV2L1OjTeEREilZVerb.png
NARUTO 12,25.99 ₾,https://apiv1.biblusi.ge/storage/book/Lc8RCVMWwBBuRLPxn2hwu452WYXi2zPdTxSaRolS.png
A Thousand Boy Kisses,33.99 ₾,https://apiv1.biblusi.ge/storage/book/8muAhQHvxLwhbb9wUBNRCms9QM1J68SlkXCnJmbJ.png
ONE PIECE VOL. 12,25.99 ₾,https://apiv1.biblusi.ge/storage/book/3EGlVkcRuRkaM1VK9hV9mQqEZsEV5o7ki6F5wgj2.png
FULLMETAL ALCHEMIST 04,25.99 ₾,https://apiv1.biblusi.ge/storage/book/3o3o9inONCyfHZlqGLiKw7aiuG8LRZDPE6sQMVZT.png
ONE PIECE OMNIBUS VOL. 11,49.95 ₾,https://apiv1.biblusi.ge/storage/book/LldKYqnQbY9XtCgYd1jDMyrn2pySWWQRCzWrCRdS.png
BLEACH 14,25.99 ₾,https://apiv1.biblusi.ge/storage/book/OqRhhOfgykKRgXfswv0puPjuphre2jpxwFAssRSl.png
NARUTO 15,25.99 ₾,https://apiv1.biblusi.ge/storage/book/uUdlYDU2N4Qi3qhRp2hLcFgd9X75DY0I50DWbsl5.png
NARUTO 09,25.99 ₾,https://apiv1.biblusi.ge/storage/book/5UczqIDQzefpw2tMrN4VQlbDENbQ28tUlKmoIFcZ.png
ONE PIECE VOL. 13,29.99 ₾,https://apiv1.biblusi.ge/storage/book/tCdt9rvatvWBoX5rMkGpdPiAR0k9s124FhPzLkiO.png
NARUTO 18,25.99 ₾,https://apiv1.biblusi.ge/storage/book/1cgl6IQM40rVF4mFXOKePXP13GxGuCIkuXaJcfhX.png
NARUTO 15,25.99 ₾,https://apiv1.biblusi.ge/storage/book/uUdlYDU2N4Qi3qhRp2hLcFgd9X75DY0I50DWbsl5.png
BLEACH 15,25.99 ₾,https://apiv1.biblusi.ge/storage/book/7YlD64ijcfsckUxUbG4TYOYx9BNlR3O6w1uHBZ2B.png
SPY X FAMILY VOL. 5,25.99 ₾,https://apiv1.biblusi.ge/storage/book/TiD9SlBOKc4cn1dhOBXmL4b4r2bw4j2m7kWdGpGT.png
FULLMETAL ALCHEMIST 10,25.99 ₾,https://apiv1.biblusi.ge/storage/book/I9UshiCFyfYJxfBFRkcpL9fz7tQQyKc3juBBkr4r.png
NARUTO 11,29.99 ₾,https://apiv1.biblusi.ge/storage/book/MBCWXRi5Jld6gWQu5LJ4qbBBpdqELPawY7gEUSwe.png
ONE PIECE: ACE'S STORY V2,25.99 ₾,https://apiv1.biblusi.ge/storage/book/ihkev9E7tZitAMDS8Ibw8bEXPLqu1TqbEIEhJzb0.png
ONE-PUNCH MAN VOL. 03,25.99 ₾,https://apiv1.biblusi.ge/storage/book/SzA7YPamUE40kzROgiIrKcwJbwKX9iDRKKgMdjCi.png
CINSAW MAN VOL. 06,29.99 ₾,https://apiv1.biblusi.ge/storage/book/PzdwdzNovuk3VmRusJmf5Cuay0Iih8FD7tGUHHSx.png
ONE PIECE OMNIBUS VOL. 11,49.95 ₾,https://apiv1.biblusi.ge/storage/book/LldKYqnQbY9XtCgYd1jDMyrn2pySWWQRCzWrCRdS.png
FULLMETAL ALCHEMIST 04,25.99 ₾,https://apiv1.biblusi.ge/storage/book/3o3o9inONCyfHZlqGLiKw7aiuG8LRZDPE6sQMVZT.png
NARUTO 14,25.99 ₾,https://apiv1.biblusi.ge/storage/book/8fM9N67vv51YbpjDB8F6jLN2wwMJsttzQQloJ8j0.png
ONE PIECE VOL. 12,25.99 ₾,https://apiv1.biblusi.ge/storage/book/3EGlVkcRuRkaM1VK9hV9mQqEZsEV5o7ki6F5wgj2.png
Little Book of Dior,61.99 ₾,https://apiv1.biblusi.ge/storage/book/xHA6YznINGZsKBLZ1K328pZfDCCchzAMsbIM4kG8.webp
DOROHEDORO VOL. 06,35.95 ₾,https://apiv1.biblusi.ge/storage/book/QbYHyHIdBJfnrOlszecEZihnXz3IB3jO5G5whKnp.jpg
THE PERKS OF BEING A WALLFLO,29.99 ₾,https://apiv1.biblusi.ge/storage/book/MVXui9MDnaDXt3RELrPjVg4jEY6VkFkO0AAfrQfS.jpg
PERSEPHONE STATION TR,35.95 ₾,https://apiv1.biblusi.ge/storage/book/xZZ8LUEgvW9pP1cnjZHBURpbQP0X8TgWDJbuFzrm.jpg
Ikigai,39.99 ₾,https://apiv1.biblusi.ge/storage/book/uNo80aM95sP2t6Rh1u4qu8eJwZdMj94oINJZk9zE.jpg
Afternoon Tea at the Sunflower Café,25.99 ₾,https://apiv1.biblusi.ge/storage/book/61rE87JPCnVSjiob393ZR9e03PL7YwRqJcUlbq9o.jpg
I'M GLAD MY MOM DIED,59 ₾,https://apiv1.biblusi.ge/storage/book/c0h3p008rSCffoGY3H4gA0OHbUKWmSWDMHUdiCB6.jpg
Diary of a Wimpy Kid - a novel in cartoon,29.95 ₾,https://apiv1.biblusi.ge/storage/book/lhb7LjzRLnXqHGlkjNA4k4bkMvkm1Ii9GU0JfsrQ.jpg
WEIGHT OF OUR SKY,25.99 ₾,https://apiv1.biblusi.ge/storage/book/Wa8ljTW3HBVkfwJHYdqzT7Qpj2rlLYbeAy5ShnWY.jpg
Start With Why,36.95 ₾,https://apiv1.biblusi.ge/storage/book/78qgl2cv8mMm109BUkgkgBO31lOcRQk4dU4wPRnn.jpg
WEIGHT OF OUR SKY,25.99 ₾,https://apiv1.biblusi.ge/storage/book/Wa8ljTW3HBVkfwJHYdqzT7Qpj2rlLYbeAy5ShnWY.jpg
PERSEPHONE STATION TR,35.95 ₾,https://apiv1.biblusi.ge/storage/book/xZZ8LUEgvW9pP1cnjZHBURpbQP0X8TgWDJbuFzrm.jpg
Men Without,36.95 ₾,https://apiv1.biblusi.ge/storage/book/lNvzmpG24Znpp51SYCFI9ghss8158GygueZdHQHp.jpg
DOG MAN: UNLEASHED,35.99 ₾,https://apiv1.biblusi.ge/storage/book/L2e7gM5wxNRJknSZfgN3nC4jMVEmo9pD03EZQDD8.jpg
DOROHEDORO VOL. 06,35.95 ₾,https://apiv1.biblusi.ge/storage/book/QbYHyHIdBJfnrOlszecEZihnXz3IB3jO5G5whKnp.jpg
Ikigai,39.99 ₾,https://apiv1.biblusi.ge/storage/book/uNo80aM95sP2t6Rh1u4qu8eJwZdMj94oINJZk9zE.jpg
CAT KID CC :ON PURPOSE,35.99 ₾,https://apiv1.biblusi.ge/storage/book/w7rbKO7aiRYwPjhlSZgnkKoQSpowSB3uRN3XqKLG.jpg
LOOK BACK,35.95 ₾,https://apiv1.biblusi.ge/storage/book/OxuCYAr0qIZM6FeR6WVEqVwTA86zeAOS69fKR342.jpg
ALICE IN BORDERLAND VOL. 4,59.95 ₾,https://apiv1.biblusi.ge/storage/book/3aY0iJKr8bZDFnahld2PlvZWl5BQTXclgZzOI264.jpg
THE PERKS OF BEING A WALLFLO,29.99 ₾,https://apiv1.biblusi.ge/storage/book/MVXui9MDnaDXt3RELrPjVg4jEY6VkFkO0AAfrQfS.jpg
NARUTO 3-IN-1 ED V5,46.99 ₾,https://apiv1.biblusi.ge/storage/book/XAGw9yNYcbeZ14J5OxsLBaZtJjzSHqy1gVMMC59x.jpg
Book Lovers,39.95 ₾,https://apiv1.biblusi.ge/storage/book/CbMSpT8wTIGlp6gp0nnSrxlBW2D1pwC0mVlrtada.jpg
KISS THE GIRLS AND MAKE THEM,25.95 ₾,https://apiv1.biblusi.ge/storage/book/nTzvCDQ4dX9VBKU1ieRIQRv2tcKrhCh4OPhHkYPS.jpg
Diary of a Wimpy Kid - a novel in cartoon,29.95 ₾,https://apiv1.biblusi.ge/storage/book/lhb7LjzRLnXqHGlkjNA4k4bkMvkm1Ii9GU0JfsrQ.jpg
The Little Book of Hygge,39.99 ₾,https://apiv1.biblusi.ge/storage/book/uoRhHhzQfa1tItqddKKHtONjGPRiJUA1BYF37a1l.jpg
The History of Graphic Design - 40 series,109 ₾,https://apiv1.biblusi.ge/storage/book/DxGboSpZlGPYFVrrmtDHMH4dM6Aox6xx8bPRpnFg.jpg
House of Flame & Shadow,59.95 ₾,https://apiv1.biblusi.ge/storage/book/oiJwHFFqVoEB8QGYvi3w9OcmZRelS3Z4a4YKqg5I.jpg
The Marvel Age of Comics 1961–1978 -,109 ₾,https://apiv1.biblusi.ge/storage/book/CQz6pVnYkOutuvOFRXD7QZZ9pAL18iYKjBlrPMFh.webp
SILENCE,31.99 ₾,https://apiv1.biblusi.ge/storage/book/Wx7YV90Jdvs5IUsG0kswHjPnwoXOaeP2AUf3XHwB.jpg
The Final Gambit,33.99 ₾,https://apiv1.biblusi.ge/storage/book/yyGEB3IEC4P4F0LiW1Wq9Zpngxsb2kloeeT1aiim.jpg
HOME BODY,49.99 ₾,https://apiv1.biblusi.ge/storage/book/c9Mm3OoJHVa4MKzNyno7AEJyP32s41PMVQWaxC8X.jpg
Steve Schapiro. The Godfather Family Album.,109 ₾,https://apiv1.biblusi.ge/storage/book/ISQrDPIg0xecNlxlFR76P2wG0Iel6dqqWFnxq1b4.webp
The Polaroid Book -,109 ₾,https://apiv1.biblusi.ge/storage/book/SiXZIYMv3WyUfN1cN994J55UsSFFwmznGB9dIyhb.webp
Never Split the Difference,37.99 ₾,https://apiv1.biblusi.ge/storage/book/9WeMEV3iEgSJJt87TwY3ioTKrCaNgDlaBeObtl0n.jpg
SILENCE,31.99 ₾,https://apiv1.biblusi.ge/storage/book/Wx7YV90Jdvs5IUsG0kswHjPnwoXOaeP2AUf3XHwB.jpg
მისნის ღამე 2024,15.95 ₾,https://apiv1.biblusi.ge/storage/book/NKJYgXUboU8VwA1tfNOJRPvkKkF0enOAM4qjCmRD.jpg
სტილისტური სავარჯიშოები,14.95 ₾,https://apiv1.biblusi.ge/storage/book/2TqdnXMW6emXz3G6wWOI6BIXcQaAAuuWQc94PJKR.jpg
"კასტელიო კალვინის, ანუ სინდისი ძალადობის წინააღმდეგ-nonfiction",15.95 ₾,https://apiv1.biblusi.ge/storage/book/17bH396lmVo1vBU5tYV8AopQgnv1qAwHWzvn830z.jpg
მებრძოლთა კლუბი 2024,15.95 ₾,https://apiv1.biblusi.ge/storage/book/d9zDTeqdqZxKxaP49l3eb9Om9aRWF0J3ekK7hhNe.jpg
შედეგიანი მართვა. საჭირო საქმის კეთების სახელმძღვანელო-nonfiction,22.95 ₾,https://apiv1.biblusi.ge/storage/book/Ay9zLCJmLJMCkERVUtPaqppuBvvVp8CJgUP2lgjA.png
ფრანგი ლეიტენანტის საყვარელი 2024,29.95 ₾,https://apiv1.biblusi.ge/storage/book/jXTXngVv5T6Ox7TetPvJ19Z95XIBlAeycmlkriXc.jpg
მოლოი  2024,15.95 ₾,https://apiv1.biblusi.ge/storage/book/HoSlQzPM5dEZVrGUeTyYKOLA3UOHn05XDIR3Dnqp.jpg
მოგზაური თაგუნია,12.95 ₾,https://apiv1.biblusi.ge/storage/book/30BiQWSWdWGwxpvEuoVLb3gYiO6zntOEuqmuxBun.jpg
ქარი ტირიფებში,9.95 ₾,https://apiv1.biblusi.ge/storage/book/QwxpxqFpR44r3g1GyciWr9Skgb9CsqrfGycFmqZZ.png
შერლოკი ლუპენი და მე ალისფერი ვარდის საიდუმლო,9.95 ₾,https://apiv1.biblusi.ge/storage/book/dtpjMzRHFDek3cLnRcSaivU5ljEzlBNbZszTJKNS.png
1 კაპიტანი ტრიკო,12.9 ₾,https://apiv1.biblusi.ge/storage/book/dAGuqD6gOEJremiUm1KGE4Oi2J5u2MLLs53l17dQ.webp
The Book Of Answers,59.99 ₾,https://apiv1.biblusi.ge/storage/book/r3Jhw7555XML1gQ9biJBHpGLwjdtMrHJQipjCGbq.jpg
საიდუმლო ბაღი,11.9 ₾,https://apiv1.biblusi.ge/storage/book/wsO1HQt9K4lniT54ckSYjuswHdSrLssZ0awdbx1o.webp
მაწანწალა რასმუსი,11.9 ₾,https://apiv1.biblusi.ge/storage/book/EC5u2ZgGPZXVQBM4v25WbCxExKzE5l3cMGfSpXvB.webp
პატარა პრინცესა,9.95 ₾,https://apiv1.biblusi.ge/storage/book/P7AWQQh4kkH8k0ds9RYRTvjxWLsfmFDqo6Dtytvw.png
ჩემი ძმა გენიოსია,9.9 ₾,https://apiv1.biblusi.ge/storage/book/H1v6gLJPkZNYoeeDjWamhR8cTMqcuP2Kk03WADeo.webp
უფლისწული და მათხოვარი,10.9 ₾,https://apiv1.biblusi.ge/storage/book/FkiEwKjjQM8qJxOdyrDjUbAoGD0VXgqwP6j65taw.webp
ვაჟა ფშაველა პოემები,8.95 ₾,https://apiv1.biblusi.ge/storage/book/XU7raXD06eaErBWCIevwjSLFWwQ10voCewD1tbCF.png
3 კაპიტანი ტრიკოტვინიკოსა ზომბების შეტევა,12.9 ₾,https://apiv1.biblusi.ge/storage/book/o8yfXwQBTYKLubq1ctn5epDE1bWrcwTOP8zRex3P.webp
ოთხი ქარი,16.9 ₾,https://apiv1.biblusi.ge/storage/book/D5lyS4yxMHeWKRwFWd301g6t53Taz5qMnyAxh2dd.jpg
ბაში-აჩუკი,22 ₾,https://apiv1.biblusi.ge/storage/book/7b0JnTyL4XYUAARpp4Gh5Pe4Vy63ZBegSRXcWQ5E.png
საკანცელარიო მაღაზია თეირანში,16.9 ₾,https://apiv1.biblusi.ge/storage/book/cc43stczK7KYTR4U8FXVf3IogEfiUXzUAbfQOod3.jpg
შელოცვა რადიოთი,22 ₾,https://apiv1.biblusi.ge/storage/book/hf2axgkCghoOgdEtPhtgknCGvAhwnwiVbWg43PzU.jpg
განძის კუნძული,9.95 ₾,https://apiv1.biblusi.ge/storage/book/pXsDO5z1KDK6O0SMQyTQLZiS41bZMcd99eCYJZiB.png
The Book Of Answers,59.99 ₾,https://apiv1.biblusi.ge/storage/book/r3Jhw7555XML1gQ9biJBHpGLwjdtMrHJQipjCGbq.jpg
1 კაპიტანი ტრიკო,12.9 ₾,https://apiv1.biblusi.ge/storage/book/dAGuqD6gOEJremiUm1KGE4Oi2J5u2MLLs53l17dQ.webp
შერლოკი ლუპენი და მე ალისფერი ვარდის საიდუმლო,9.95 ₾,https://apiv1.biblusi.ge/storage/book/dtpjMzRHFDek3cLnRcSaivU5ljEzlBNbZszTJKNS.png
ბუზთა ბატონი,14.9 ₾,https://apiv1.biblusi.ge/storage/book/lFsT09vuXDmSE98uJXSEcV8v08Osq7rQTseHQnOE.png
My Year of Rest and Relaxation,33.99 ₾,https://apiv1.biblusi.ge/storage/book/0sC1txaJaO00B4wEmGHeLqkk8u5rTz8CQAgEFQO7.jpg
500 კითხვა და პასუხი - დინოზავრები,25 ₾,https://apiv1.biblusi.ge/storage/book/4F8MIemirNDBFJXi80dAyeVXw5q97BPhhodWDskg.png
სტამბოლელი ნაბიჭვარი,14.95 ₾,https://apiv1.biblusi.ge/storage/book/bvg3uQTOUa5jxexvihBSzztyWPSq91tFzxMB93TH.jpg
ჩემი საყვარელი ორეული,19.95 ₾,https://apiv1.biblusi.ge/storage/book/hKE14k4lBuWNJMCYtCfKHsZOuwAw77FYHq21boyY.jpg
6000 საოცარი ფაქტი,24.95 ₾,https://apiv1.biblusi.ge/storage/book/NhApT5ImTminbZ0N8GKz2xgtvGwY1RxwShc6XtjJ.png
Everything I Know About Love,37.99 ₾,https://apiv1.biblusi.ge/storage/book/XoM0eLKGZHZ7ot8gCcJTziTst1W6yn1UdBZfgnqV.jpg
პატრიარქმა თქვა,15 ₾,https://apiv1.biblusi.ge/storage/book/ZwJVpKxpzASBOteDgKu6Yl4kXevDJioC8qGo7yPs.png
Will Grayson,30.99 ₾,https://apiv1.biblusi.ge/storage/book/cwsc636WsGqBxACULy9t8KzJw65qh4F19QetgM9Q.jpg
მფარველი ანგელოზი,15.95 ₾,https://apiv1.biblusi.ge/storage/book/ihoUTlecfkVpHJc1Hq9vCS2G9XNXGrCrm5NEWsMl.png
The Secret History,33.99 ₾,https://apiv1.biblusi.ge/storage/book/2zPjoomEqfqcUFWA8RFN5sw02c52pt8W3zGQmC4h.jpg
"იქ, სადაც კიბორჩხალები მღერიან",15.9 ₾,https://apiv1.biblusi.ge/storage/book/bJ3Ct0HfYXl7ynymqf64Ps93YQQOkRBWeanQIhvU.jpg
The Inheritance Games,30.99 ₾,https://apiv1.biblusi.ge/storage/book/Zc1gWqKtxW7YUN0h13E7Qau1elGszR9yQinAkx5U.jpg
ბანდიტი ბებია ბრუნდება,11.95 ₾,https://apiv1.biblusi.ge/storage/book/S2sx6wrKFDvoR9zExoRusPT2lhrWxDFQzfMQZmq0.png
ნემოს ძიებაში,11.95 ₾,https://apiv1.biblusi.ge/storage/book/ANtsTGytVfl88yWC4rTubaPf3D2fvGQiZlFWj8PK.jpg
Hello Beautiful,49.99 ₾,https://apiv1.biblusi.ge/storage/book/5X4sSluHufqfiYLhghweVI6jD5HzeWtD93vWpgJQ.jpg
ზღაპრების კოლექცია - მოანა,15.95 ₾,https://apiv1.biblusi.ge/storage/book/TSWqUOsqEqAH8CTipSZwnDJyUbCYIgFe2HIxoNG2.png
მანქანები,11.95 ₾,https://apiv1.biblusi.ge/storage/book/5724od8eGIMi9b4HFvEWjw1RJ9OALZqCKkNcrXYf.jpg
ზღაპრების კოლექცია - პატარა ქალთევზა,15.95 ₾,https://apiv1.biblusi.ge/storage/book/RUHkjuNgiPa6XUFW5xVgqYT2puWpNHTS20s6mDKZ.jpg
დისნეი ანიმაციური კოლექცია - ადამიანი ობობა,11.95 ₾,https://apiv1.biblusi.ge/storage/book/9ZPSZ9eHIEaCQl9Rm2Sn887GbP4Y86akaKVeXePh.jpg
პატარა ქალთევზა,11.95 ₾,https://apiv1.biblusi.ge/storage/book/WISyxzrSbj3mXDsi4YoAw2o6RJMGjt7jFXcJE4ph.jpg
Destroy the Day,49.95 ₾,https://apiv1.biblusi.ge/storage/book/2gn1JczmlVZ061RzC43O6qKK4YzKga5Xr0lTv05x.jpg
ენი კუნძულიდან,17.9 ₾,https://apiv1.biblusi.ge/storage/book/TG7EbqqmbQKs2GfTeFYVAMxMnO8ZYkEHzDiDxpNZ.jpg
Thousand Splendid Suns,49.95 ₾,https://apiv1.biblusi.ge/storage/book/sX8SqHZiubMVr8Mr7SCUiafmcxkpnT28uUX2480L.jpg
How to Be a Founder,59.95 ₾,https://apiv1.biblusi.ge/storage/book/DdxD9Jee84nJ6s7798TgG6vqiQ9CPikU9hsbV9eg.jpg
Defy the Night,49.95 ₾,https://apiv1.biblusi.ge/storage/book/MktN9kdXRpBlFMtzaj2pNUALJOifKcvUxFqV1BXJ.jpg
Defend the Dawn,49.95 ₾,https://apiv1.biblusi.ge/storage/book/5NGVCPpMSVVtcdlz7xesekxxpUPxUP10R6eS4Gt0.jpg
CC:House of Sky and Breath CC,49.95 ₾,https://apiv1.biblusi.ge/storage/book/OvqKK6e02c02k972WZJt5GKJmKpYhSrFmG1cIhO8.jpg
TOG:Throne of Glass TOG Adult ed,49.95 ₾,https://apiv1.biblusi.ge/storage/book/iGSH8xBzgCFclKcm5Id2In1OM3Zc1jBMrc5l3nhC.jpg
As Long As the Lemon Trees Grow,49.95 ₾,https://apiv1.biblusi.ge/storage/book/DcCyNaRL9GZxU5uNHdIYUA8lHPL17nnJkHeEzJqR.jpg
Calm Your Mind with Food,59.95 ₾,https://apiv1.biblusi.ge/storage/book/4IOHXDeG192GOJAFWj5nn0kvvgHkrxz77PptZT5o.jpg
How to Say No to Your Phone,49.95 ₾,https://apiv1.biblusi.ge/storage/book/V7ukYYRAkV1augKwszGbox4eZ095YlknL3aMJPRx.jpg
CC:House of Earth and Blood CC,49.95 ₾,https://apiv1.biblusi.ge/storage/book/j1r1z8Wx1fDZfEJoYeqhWAqaMsOSvzXBFadZUqIO.jpg
Song of Achilles Blm Md Class,49.95 ₾,https://apiv1.biblusi.ge/storage/book/tPqLdes6NBzj2FbBwZXmrthKuzchCXmsubMPk4hj.jpg
Galatea,36.95 ₾,https://apiv1.biblusi.ge/storage/book/ig64LJxlbPoN0OlGpPNPuAYpZsMGbETe9p07gDVa.jpg
ბიზნესისტორიები საქართველოდან,70 ₾,https://apiv1.biblusi.ge/storage/book/1QTmjQUatk62U7OXn21C969RKvfVN50kCXf1NS5Y.jpg
Such a Fun Age,49.95 ₾,https://apiv1.biblusi.ge/storage/book/LLDzvZHznPujDW72c88cZguaj3w5Fr02LRiYRgmO.jpg
Circe,36.95 ₾,https://apiv1.biblusi.ge/storage/book/JxiyQ6M5B0YcCqFa7uPs022UxjUTMsDw3jdjFxJk.jpg
ძალაუფლების 48 კანონი,40 ₾,https://apiv1.biblusi.ge/storage/book/42D6Zunfj6zcpjsJbHCovmhC6jG18wqrgtvID03d.png
თომას მანი სიკვდილი ვენეციაში.ტონიო კრიოგერი,12.95 ₾,https://apiv1.biblusi.ge/storage/book/7W7Zw74RFpALcAuRK5fwgfkj1wH2jha0ityhKDNz.png
კონსტანტინე გამსახურდია - 2 დავით აღმაშენებელი (I-II),30 ₾,https://apiv1.biblusi.ge/storage/book/mCuflfG5AZOlCArGwo30MGt5fCnTy6ollkkaveYo.png
15 წიგნი 3ტ ალექსანდრე დიუმა,16.95 ₾,https://apiv1.biblusi.ge/storage/book/OkCgLYm3ase9FAPOqjgYOImPPrNbDGNeekGyGa4c.png
15 წიგნი 4ტ კაზუო იშიგურო,16.95 ₾,https://apiv1.biblusi.ge/storage/book/YAk1lhfOdRd290ZIcevlPCX2BOC5mVD83YZXpjLS.png
დაიწყე საკუთარი თავით,16.95 ₾,https://apiv1.biblusi.ge/storage/book/LNWGQJpYYzxXKwlXUiazdN39QTlKt0xIRSiyTFyh.jpg
"აგათა კრისტი - ერთი, ორი, მოფრინდა ქორი",15.95 ₾,https://apiv1.biblusi.ge/storage/book/Jcj28V8riADn4FP3pMD5ysaA66lss0jTMrkfYhq1.png
დაიწყე საკუთარი თავით,16.95 ₾,https://apiv1.biblusi.ge/storage/book/LNWGQJpYYzxXKwlXUiazdN39QTlKt0xIRSiyTFyh.jpg
მარადისობაში გაცილება,25 ₾,https://apiv1.biblusi.ge/storage/book/sttEBp0c2Ya4fItNcPDW5OCwmuo7Yikfw33CfK25.jpg
გრაფიკული კონტრაპუნქტი ზურაბ ნიჟარაძე,52.5 ₾,https://apiv1.biblusi.ge/storage/book/axmFyjSSdOeOsZJNmvszct3AdcUdoSCqrubFyIn7.jpg
ადამიანის ბუნების შეცნობისთვის,17.95 ₾,https://apiv1.biblusi.ge/storage/book/kHUdKqB4UaiX33dvjrFGfiBV90kk4eLyRqwR7Nr2.png
იაკობ გოგებაშვილი მოთხრობები,27.95 ₾,https://apiv1.biblusi.ge/storage/book/D3GApk0S5B3uYYR2Na5F1GdyyPAcebGpuPGc7q3N.jpg
დღის წესრიგი,13.95 ₾,https://apiv1.biblusi.ge/storage/book/HThh6lyYDwm81jyQ6XHPsY9dFBvFIeo2BObUmiUH.webp
ამბროსი ხელაია 100 ამბავი,15.16 ₾,https://apiv1.biblusi.ge/storage/book/9C2lA5n228wvGtMcfja00RleUn9wNXt7I91PWDSH.jpg
ფსიქოანალიზის შესავალი,16.95 ₾,https://apiv1.biblusi.ge/storage/book/gqamVtOLCxtgYc4wvWztc5uLnxxOfs9cufN745ly.png
გოჩა საითიძე - ქაქუცა 64 ამბავი,12.76 ₾,https://apiv1.biblusi.ge/storage/book/Qx8jAdVLkTsIVi5ePqcwFezwC08LcFPMcUfdIXDZ.jpg
წერილი ვერდაბადებულ ბავშვს,15.95 ₾,https://apiv1.biblusi.ge/storage/book/GEJHcKsmToSiZjC83Ck2kv8OYS0QxNxVtquH2eGw.jpg
მოუკრეფავნი-ქართ. სკაბრეზული ფოლკ. ნიმუშები,4.99 ₾,https://apiv1.biblusi.ge/storage/book/Fs3Dzb49OlgXamRgAzjA7PeeVoR04JzZyDx1hgEF.png
"ნუ იყვირებ: მგელი, მგელი!",17.95 ₾,https://apiv1.biblusi.ge/storage/book/dmw2UV9hwKMXEb1Kf3zyDKen7eeWVWlumM5oC3V9.jpg
შერლოკი ლუპენი და მე ოპერის ბოლო აქტი,9.95 ₾,https://apiv1.biblusi.ge/storage/book/LapEcarZoQiwhD1W0Bw0Gi3zgrSNL35bbbb45j7c.png
მკვლელობების სახელმძღვანელო კარგი გოგონასთვის,14.95 ₾,https://apiv1.biblusi.ge/storage/book/qxgfKXydQSy95YOw6WUvJyg4A6kB06x5c8UYO0cD.jpg
ჰილდა და უჩინმაჩინები,11.95 ₾,https://apiv1.biblusi.ge/storage/book/aDWTamm5BNQlIFfsLcESGojwYoBfildHkeqPbjKI.png
"კონსტანტინე გამსახურდია - 8 გოეტეს ცხოვრების რომანი, ბელადი",30 ₾,https://apiv1.biblusi.ge/storage/book/KUaqrS0wDdB4p49Mnay609lqmXWeddiFmTIlarQm.png
უცნაური კითხვები და პასუხები ცხოველებზე,12.95 ₾,https://apiv1.biblusi.ge/storage/book/pg8PNiaFBpFK9C1YOOGdkgOdWI0QYDn28ddbGrzv.png
ჰეკატე - როგორ მუშაობს ტარო,19.95 ₾,https://apiv1.biblusi.ge/storage/book/EldIW7QzRQUuVOFQDFB5usfmCoMl5tUzdOeQWZdD.png
კუდაბზიკეთი და სხვა მოთხრობები,11.95 ₾,https://apiv1.biblusi.ge/storage/book/LoZKnDZXbaDZNqsLk1DzVFvp9Iyz9MtF8EXKowoc.png
თოვლიანი დღის სიტყვების წიგნი,8.45 ₾,https://apiv1.biblusi.ge/storage/book/DqMATXenZPpmHjw9fhiDe4nRe73WlrG6CyPL67Bo.webp
ალი და ნინო,17.95 ₾,https://apiv1.biblusi.ge/storage/book/d9rM6k7aHprWfHIsVaSPa3pXmV0jB2yXXxbPI4gS.jpg
ღმერთების დაბადება და სხვა ბერძნული მითები,8.95 ₾,https://apiv1.biblusi.ge/storage/book/0RQ2ExlfHGBpEMvO3KSjzSbk6P8VGZQmKkm8JakU.png
პიტერ პენი,27.95 ₾,https://apiv1.biblusi.ge/storage/book/OkLBBJfF0qRkqYkO6faz5lS2cRdcH8eCWoFHQGn4.png
მკვლელობების სახელმძღვანელო კარგი გოგონასთვის,14.95 ₾,https://apiv1.biblusi.ge/storage/book/qxgfKXydQSy95YOw6WUvJyg4A6kB06x5c8UYO0cD.jpg
ალი და ნინო,17.95 ₾,https://apiv1.biblusi.ge/storage/book/d9rM6k7aHprWfHIsVaSPa3pXmV0jB2yXXxbPI4gS.jpg
ჯორჯ ორუელი 1984 - ლიმიტირებული გამოცემა,50 ₾,https://apiv1.biblusi.ge/storage/book/L3NDI5apVh4ZvsIPbD87rzg16bpdRXxVI0VN3W88.jpg
ყველაზე დიდი მოგზაურობა,14.9 ₾,https://apiv1.biblusi.ge/storage/book/KyH6LZiopnO8o4IfaOdDdkqblAa9TRKTTCiRv2ua.webp
შუაღამის ბიბლიოთეკა,16.95 ₾,https://apiv1.biblusi.ge/storage/book/8MiRNE7FpfIwei8fVVdgyCWIfjniZfBOjVrghnVe.png
თავდასხმის დღიური,17.9 ₾,https://apiv1.biblusi.ge/storage/book/N8U5QOTAscar4rfYO3uC92uaFfOkkmsw3brB5DcS.webp
მთები - მოძრავი ნახატებით,27.95 ₾,https://apiv1.biblusi.ge/storage/book/B9BbPoG0RapAwHKqg6Ccb37kBIm97L21E7rKEYDe.png
მაქსისტორიები,12.9 ₾,https://apiv1.biblusi.ge/storage/book/S9Wg2tE7CKUTu4d52OWDJ10jZcsv5zSSpyVmsVoh.webp
ბითლზი - ერნესტო ასანტე,60 ₾,https://apiv1.biblusi.ge/storage/book/4FGBZRaW9yQEmx1114ka4zLxxsFx98eCLVLSu8LF.png
ფრედი მერკური - ერნესტო ასანტე,60 ₾,https://apiv1.biblusi.ge/storage/book/XFye73AKdNSfGLiHmZqUs8fBbM3bkiQKqfTrZryX.png
მოთხრობები - ეგნატე ნინოშვილი,9.95 ₾,https://apiv1.biblusi.ge/storage/book/rc0e5hTQHxHBEP1HSpszbofyPkdjnwyvrWxADbjO.png
გამოსათხოვარი ვალსი,16.95 ₾,https://apiv1.biblusi.ge/storage/book/6Hjw6R3Jnk7Thdwt3HihbyLoaQWfzwCP24PrQPZg.jpg
ჰეკატე - მიჰყევი ტაროს,27.95 ₾,https://apiv1.biblusi.ge/storage/book/0Oko4bFEmmtHxgFkmfyJU8Pdz0uuiyZa7BpxyBk6.png
სტოუნერი,24.95 ₾,https://apiv1.biblusi.ge/storage/book/es6qGQJ97eJJJZe6Km5u9g3xWAXxNEMUat5DEYhJ.jpg
სალაღობო ტრფობანი,16.95 ₾,https://apiv1.biblusi.ge/storage/book/JgprCZIyDt6WYf8788OT0UA3AgZxQsI9r9mo1IO1.jpg
ჯაყოს ხიზნები,11.95 ₾,https://apiv1.biblusi.ge/storage/book/c0RC6XpPDX1khv1JhhHJIua1HgTslHraexJy9BZN.png
ზღაპრები -ძმები გრიმები,9.95 ₾,https://apiv1.biblusi.ge/storage/book/zRXQcGKR1KKw2nMouUI6ZFZqOJNgsOm5EKSSddAN.png
იკითხე ქართული XXI - ქამელეონის ფერი,14.95 ₾,https://apiv1.biblusi.ge/storage/book/4IPKc7nVlgNvqY3ATSyvxBxR50ZLPr9djAVbuVLt.png
თხუთმეტი წლის კაპიტანი,11.95 ₾,https://apiv1.biblusi.ge/storage/book/Mq2ifeJCWULZQePYanwDvK3UBXVgtA8X5pIDvEbR.png
უცნაური კითხვები და პასუხები ჩვენს პლანეტაზე,9.07 ₾,https://apiv1.biblusi.ge/storage/book/AnUhYqaixlnueGVBFzMtBwHCTusSAz92cTgPZB19.png
უცნაური კითხვები და პასუხები ჩვენს ოკეანეებზე,12.95 ₾,https://apiv1.biblusi.ge/storage/book/h2jU5O413zEuekLg23X3qorMnmRN5P32giKJm14Z.png
თავგადასავალი საჰაერო ოკეანეში,22 ₾,https://apiv1.biblusi.ge/storage/book/hn5rTUT3TGeob9NaldhdHFESMTyBerER1nE9bXmT.png
ელისი საოცრებათა ქვეყანაში,8.95 ₾,https://apiv1.biblusi.ge/storage/book/OjoiUAxgoGbsAKQTa6gbyEktkdzxKHaggefxATC8.png
უფლისწული და მათხოვარი,11.95 ₾,https://apiv1.biblusi.ge/storage/book/8xcx68ktSmXbM5m4At9capIT9KVLO2O948bz9kDk.png
უცნაური კითხვები და პასუხები გარემოს დაცვაზე,12.95 ₾,https://apiv1.biblusi.ge/storage/book/6QEK1Dnjptut8zICk6PrEl4tvNiMejwADz3kM2tC.png
ელისი საოცრებათა ქვეყანაში,8.95 ₾,https://apiv1.biblusi.ge/storage/book/OjoiUAxgoGbsAKQTa6gbyEktkdzxKHaggefxATC8.png
იკითხე ქართული XXI - ქამელეონის ფერი,14.95 ₾,https://apiv1.biblusi.ge/storage/book/4IPKc7nVlgNvqY3ATSyvxBxR50ZLPr9djAVbuVLt.png
მეორე ოთახი,7.99 ₾,https://apiv1.biblusi.ge/storage/book/UGIlcBSNdMmGwJsL9wW3bVV54bDeFiE0p3MPmbZh.png
უცნობი - ვახტანგ ჯავახაძე,49.95 ₾,https://apiv1.biblusi.ge/storage/book/zKM9f6pSd6uVVewgwRadm0CvZVLYINQEZ7CyXPhb.png
პუბლიცისტიკა - ჯემალ ქარჩხაძე,15.9 ₾,https://apiv1.biblusi.ge/storage/book/yatOaZgSzjgaUbSsYnJOcjeWmW381Nw823cyXVj9.jpg
აიხმანი იერუსალიმში,22.95 ₾,https://apiv1.biblusi.ge/storage/book/zLuft4grXXILKxU650eRIPh0OyJlzsQZQ3bHNTnf.jpg
ოჯახური ლექსიკა,7.99 ₾,https://apiv1.biblusi.ge/storage/book/WifIYHpbBAQsfyWcvlNbLOzevin8euSsAKDmfAvx.jpg
მოთხრობები - ერიხ მარია რემარკი,11.95 ₾,https://apiv1.biblusi.ge/storage/book/CFPeK73TZOMeve3amF4c3e61o7cN5ybOCCwFVRhl.png
ფაზლებიანი მსოფლიოს ახალი საოცრებები,22.95 ₾,https://apiv1.biblusi.ge/storage/book/C6KJQn62JRFLLOcDJL0mLpckqSN2Sog7JsJVzZYe.jpg
ყოველი ამბის დასასრული,7.99 ₾,https://apiv1.biblusi.ge/storage/book/10D0ftBgWPbQqv9GYNq6Fj4LecJP1WQm6ExrWDMB.webp
ჯემალ ქარჩხაძე მოთხრობები (სრული კრებული),29.9 ₾,https://apiv1.biblusi.ge/storage/book/eXPKMxQGQtiOfIHVPd9uCTJlqbSJ4IDKkb6reuK3.webp
რომეო და ჯულიეტა,8.99 ₾,https://apiv1.biblusi.ge/storage/book/5iF9ScCCR2Ynq0x15OOceizH31Qu9CR3YUpYsaSZ.jpg
მბ.6-7 კლოდი არდადეგებზე 2,8.9 ₾,https://apiv1.biblusi.ge/storage/book/qniGucU0ULZrCYsDlsevihMxoWe0uNVHCfppw4LK.png
ბეტმენი - ოფიციალური სცენარის წიგნი,27.95 ₾,https://apiv1.biblusi.ge/storage/book/zBP1XPlc1h8zDzumEHprFECcY9Zd7RdRgiSyEZw9.jpg
დიოგენეს ბიბლიოთეკა - ალმა,9.5 ₾,https://apiv1.biblusi.ge/storage/book/TH7iouxsaVtMPnGxJBWY6X3f0Magt2N9DhnRqkR8.png
ხელი გამიშვი დედა,28 ₾,https://apiv1.biblusi.ge/storage/book/bV16diZYmjU21RlKrk9nxwXvU3G9Ofo6DxeTgzUG.jpg
პატარა ძილგუდა შენი ძილის დროა 1 წლიდან,6.4 ₾,https://apiv1.biblusi.ge/storage/book/wZ9DfWGWlOI2gcNeJjiT9jyCGeHXSpf3s8d9DOI6.jpg
პატარა ძილგუდა მალე უკეთ იქნები 1 წლიდან,6.4 ₾,https://apiv1.biblusi.ge/storage/book/FJmiyhAOGtoG8XxLlPXebE7QFCq3SBf9zyZZ804L.jpg
უფრო ახლოს სხეულთან,30 ₾,https://apiv1.biblusi.ge/storage/book/QN5HiyhuMFMr19NCGn5qkrg8cMapOwKZbinQF9Lk.jpg
ტომ სოიერი საზღვარგარეთ,22 ₾,https://apiv1.biblusi.ge/storage/book/9t8gLHt66070OYGOkRnwmlbfFHl11HiHFH2C0GuQ.jpg
დიოგენეს ბიბლიოთეკა - ბიძაჩემი ნაპოლეონი,29.95 ₾,https://apiv1.biblusi.ge/storage/book/8FkXVAX8YsHy9ZEcVaQmWTRFQxtMYCwFgBa4rqCY.jpg
ღამის სიტყვების წიგნი,8.45 ₾,https://apiv1.biblusi.ge/storage/book/fDReWtjrShk1gYPPLaY4cwcMBClUQosHYhVEEWZW.jpg
მბ.6-7 კლოდი ქალაქში 1,9.9 ₾,https://apiv1.biblusi.ge/storage/book/H3xRSTcv7d7Ltay5D8kvQ5hK5tqSft3Bt0SrTMQ8.png
მბ.6-7 კლოდი ქალაქში 1,9.9 ₾,https://apiv1.biblusi.ge/storage/book/H3xRSTcv7d7Ltay5D8kvQ5hK5tqSft3Bt0SrTMQ8.png
პი და პო სიტყვების დიდი წიგნი,29.9 ₾,https://apiv1.biblusi.ge/storage/book/XqxWj1xu3pJR5bR09ubrv36nApm9DquTATJw8cIe.png
უფრო ახლოს სხეულთან,30 ₾,https://apiv1.biblusi.ge/storage/book/QN5HiyhuMFMr19NCGn5qkrg8cMapOwKZbinQF9Lk.jpg
"""ცხოვრება ორმოცის შემდეგ""",28 ₾,https://apiv1.biblusi.ge/storage/book/zDDjoTjOSwysrmNkts5Yl5dIzwRHhGajCozY3Qmv.jpg
ჯადოსნური საშობაო დაპირება-ჩვენთვის მოყოლილი ამბები,20 ₾,https://apiv1.biblusi.ge/storage/book/mbyXNyQB1NI7RjmNa22Puk2wytwguVLRzqnDcnfi.jpg
მბ.7-9 თევზი სახელად ალეგრია,9.9 ₾,https://apiv1.biblusi.ge/storage/book/0TEWSn78ynjiUsrKypYgfh7SpTh2UVmN4Ksy7fVs.png
ბრაზილია,18.95 ₾,https://apiv1.biblusi.ge/storage/book/Kp7HxwN9dalNh9lib600VpdynbUSDrxncMQiZh5c.jpg
Wonka,28.95 ₾,https://apiv1.biblusi.ge/storage/book/p4xXBWq4ChdKdZrquQYs48TrXzT1uHPZ8sdQvY8p.jpg
ათი ღამის სიზმრები,15.95 ₾,https://apiv1.biblusi.ge/storage/book/7NxDGFtI0vwDg1XjdpwyHSbTxoBA4XVFvtubNrhr.jpg
დიოგენეს ბიბლიოთეკა - ალმა,9.5 ₾,https://apiv1.biblusi.ge/storage/book/TH7iouxsaVtMPnGxJBWY6X3f0Magt2N9DhnRqkR8.png
მბ.6-7 კლოდი არდადეგებზე 2,8.9 ₾,https://apiv1.biblusi.ge/storage/book/qniGucU0ULZrCYsDlsevihMxoWe0uNVHCfppw4LK.png
დიოგენეს ბიბლიოთეკა - მეთხუთმეტე უბნიდან,25.95 ₾,https://apiv1.biblusi.ge/storage/book/xL6tBLtMcEVFr6wWuiYOoLInOJP9vFkXArfrIegF.jpg
მბ 9-11 ჩვენც სალტკროკელები ვართ,12.9 ₾,https://apiv1.biblusi.ge/storage/book/ouMXccrTEag8HJSHJiaV4HyFylaQ1p7fw6nxZt44.jpg
ლიბერთინს - უნდა გიღალატო,14.95 ₾,https://apiv1.biblusi.ge/storage/book/UVvzYSexN68qRbLj8Q24nUKhRnnOgNtUtuUUuCK7.png
ტომ სოიერი დეტექტივი,22 ₾,https://apiv1.biblusi.ge/storage/book/jC21tnM7LhUFVodr2RhlaE5iAEs44miFa7ClLpXx.jpg
ბავშვთა ფსიქოანალიზი,30 ₾,https://apiv1.biblusi.ge/storage/book/B3FbqgKBSFsPYt2xdqfKemI4BnmvqubKH0cLW0Lg.jpg
ტომ სოიერი საზღვარგარეთ,22 ₾,https://apiv1.biblusi.ge/storage/book/9t8gLHt66070OYGOkRnwmlbfFHl11HiHFH2C0GuQ.jpg
სახეობების წარმოშობა - დარვინი,36.95 ₾,https://apiv1.biblusi.ge/storage/book/p12GPIzH9qthSEgQFLmVm1b6gudpl6iBdGddSQTR.jpg
Murtagh,89.95 ₾,https://apiv1.biblusi.ge/storage/book/Q1Mky7hV0Kh3fsbXFW1nYKyPeFE7QqSp9e7X7bwI.jpg
პიტერ პენი კენსინგტონის ბაღებში,22 ₾,https://apiv1.biblusi.ge/storage/book/Su0uaIu1SG13ATEuFjufhr09AJo2uE9h3aOe2SQg.jpg
ბეტმენი - ოფიციალური სცენარის წიგნი,27.95 ₾,https://apiv1.biblusi.ge/storage/book/zBP1XPlc1h8zDzumEHprFECcY9Zd7RdRgiSyEZw9.jpg
ღამის სიტყვების წიგნი,8.45 ₾,https://apiv1.biblusi.ge/storage/book/fDReWtjrShk1gYPPLaY4cwcMBClUQosHYhVEEWZW.jpg
პატარა ძილგუდა მალე უკეთ იქნები 1 წლიდან,6.4 ₾,https://apiv1.biblusi.ge/storage/book/FJmiyhAOGtoG8XxLlPXebE7QFCq3SBf9zyZZ804L.jpg
მზიანი დღის სიტყვების წიგნი,8.45 ₾,https://apiv1.biblusi.ge/storage/book/YCqXwuy4QrKDef8brvfI40cJKtaD8wY2Nus0ykUM.jpg
ბავშვთა ფსიქოანალიზი,30 ₾,https://apiv1.biblusi.ge/storage/book/B3FbqgKBSFsPYt2xdqfKemI4BnmvqubKH0cLW0Lg.jpg
პატარა ძილგუდა შენი ძილის დროა 1 წლიდან,6.4 ₾,https://apiv1.biblusi.ge/storage/book/wZ9DfWGWlOI2gcNeJjiT9jyCGeHXSpf3s8d9DOI6.jpg
მბ.6-7 კლოდი ქალაქში 1,9.9 ₾,https://apiv1.biblusi.ge/storage/book/H3xRSTcv7d7Ltay5D8kvQ5hK5tqSft3Bt0SrTMQ8.png
პატარა ძილგუდა მე შენ მიყვარხარ,6.4 ₾,https://apiv1.biblusi.ge/storage/book/aBPni73HdR2RmR1SXQdvH03vGsAiw5syn5k6qVpH.jpg
მსოფლიოს ბუნების ძეგლები აღმოაჩინე და შეისწავლე,44.9 ₾,https://apiv1.biblusi.ge/storage/book/6ZnkYj2JgNRgQOiFXjAIV26cSYo9ITytVYDYctPX.jpg
ტომ სოიერი დეტექტივი,22 ₾,https://apiv1.biblusi.ge/storage/book/jC21tnM7LhUFVodr2RhlaE5iAEs44miFa7ClLpXx.jpg
ჯადოსნური საშობაო დაპირება-ჩვენთვის მოყოლილი ამბები,20 ₾,https://apiv1.biblusi.ge/storage/book/mbyXNyQB1NI7RjmNa22Puk2wytwguVLRzqnDcnfi.jpg
მბ.6-7 კლოდი არდადეგებზე 2,8.9 ₾,https://apiv1.biblusi.ge/storage/book/qniGucU0ULZrCYsDlsevihMxoWe0uNVHCfppw4LK.png
HUNTER X HUNTER VOL. 03,25.99 ₾,https://apiv1.biblusi.ge/storage/book/pMiC5aPnETaECHuRMfK8X59SEIktm3LDlf4pjRm3.jpg
TOKYO GHOUL VOL. 02,35.95 ₾,https://apiv1.biblusi.ge/storage/book/n6l9H2M3h7wVjhHZz2zxYiYxPaCIhLn6KmzW1uv5.jpg
დანიელ ჭონქაძე - სურამის ციხე,22 ₾,https://apiv1.biblusi.ge/storage/book/S7kcHZPtQgR32g9ySeSsnUzGMtQ1RxYgAwku0ZU8.png
PROMISED NEVERLAND VOL. 1,25.99 ₾,https://apiv1.biblusi.ge/storage/book/JB0MHAp5KWp39fwbBHk38gqXuDxT5DI1RIy2Qswz.jpg
HAIKYU!! VOL. 03,25.99 ₾,https://apiv1.biblusi.ge/storage/book/CUjy79kweo5w7tztRfR5fLd0tmVwAqXRMHVZtaPr.jpg
გოგოობის კანონი/ დევის ცოლის სიცილი,12.53 ₾,https://apiv1.biblusi.ge/storage/book/wwO4eYrvDFd9DmLPuaTp1TfyTkHX4qEh3XuyNRON.jpg
100 ქართული ხატი. 100 Georgian Icons,99.9 ₾,https://apiv1.biblusi.ge/storage/book/5ewQck059GlJeqNe9vaVTNT4suCPjuli8jEKugSd.jpg
მიხეილ ჯავახიშვილი - ლამბალო და ყაშა,22 ₾,https://apiv1.biblusi.ge/storage/book/JLzNnG2Hlp5uJgrVLrK8WjqKkb8ehzSGSq6dUFQ1.png
The Fact-Packed Activity,29.95 ₾,https://apiv1.biblusi.ge/storage/book/11kd5ZUUf33MZ0BiwrvXKDAITSbDbY8kYqM5Xvx9.jpg
The Solar System,49.95 ₾,https://apiv1.biblusi.ge/storage/book/Vi4BGqUpPuOrttnwXHIWq7dgvz396S2UWpMwqK9D.jpg
HUNTER X HUNTER VOL. 02,25.99 ₾,https://apiv1.biblusi.ge/storage/book/foWgu9SBPDsTgtKf1jUhxn4KNhXF5Bvt4mKX8Htl.jpg
Through the Night Sky,29.99 ₾,https://apiv1.biblusi.ge/storage/book/hgQ4GpFm7ILUwZNoK5DHcGR5ceFUFYfOeni0nt6J.jpg
ALICE IN BORDERLAND VOL. 3,59.95 ₾,https://apiv1.biblusi.ge/storage/book/ilZKdAqPdGXQe3sJoXH2t1YIpfYNLO7I5qPalOuD.jpg
PROMISED NEVERLAND VOL. 2,25.99 ₾,https://apiv1.biblusi.ge/storage/book/5y5m2QdTmXTk7SWTNHRxPVRo8h7U3N01v47OLG7G.jpg
HAIKYU!! VOL. 01,25.99 ₾,https://apiv1.biblusi.ge/storage/book/qEaponnCKYkkaf4GPXLunRflVO1AbtPDMMcQYFns.jpg
TOTAL RECALL,29.99 ₾,https://apiv1.biblusi.ge/storage/book/WGTnyfzowVBLIPtphBt6Nofwtz2KgYaf2KpDPTec.jpg
HAIKYU!! VOL. 03,25.99 ₾,https://apiv1.biblusi.ge/storage/book/CUjy79kweo5w7tztRfR5fLd0tmVwAqXRMHVZtaPr.jpg
The Solar System,49.95 ₾,https://apiv1.biblusi.ge/storage/book/Vi4BGqUpPuOrttnwXHIWq7dgvz396S2UWpMwqK9D.jpg
The Fact-Packed Activity,29.95 ₾,https://apiv1.biblusi.ge/storage/book/11kd5ZUUf33MZ0BiwrvXKDAITSbDbY8kYqM5Xvx9.jpg
First Space Encyclopedia,37.95 ₾,https://apiv1.biblusi.ge/storage/book/uVoEChkVEyyRn68A4ZnfqQwQU7A9yAomM6Ah3O3n.webp
გოგოობის კანონი/ დევის ცოლის სიცილი,12.53 ₾,https://apiv1.biblusi.ge/storage/book/wwO4eYrvDFd9DmLPuaTp1TfyTkHX4qEh3XuyNRON.jpg
PROMISED NEVERLAND VOL. 2,25.99 ₾,https://apiv1.biblusi.ge/storage/book/5y5m2QdTmXTk7SWTNHRxPVRo8h7U3N01v47OLG7G.jpg
ONE-PUNCH MAN VOL. 01,29.99 ₾,https://apiv1.biblusi.ge/storage/book/Cpiy8O9WG7kFqsxWMlLVRlWjPgy9cN5MisMqqfOw.jpg
Braiding Sweetgrass,39.95 ₾,https://apiv1.biblusi.ge/storage/book/AXgFWTDZ6Baf2nkWqeVWVt9Wzp3D9D1LcuhZ4i9x.jpg
JOJO'S BIZARRE ADV RT 1:1 HA,59.95 ₾,https://apiv1.biblusi.ge/storage/book/iVeNUgzM5axd1VDkTSbIeRe6QyAWn8Pgwj58lRFe.jpg
ASSASSINATION CLASSROOM 02,25.99 ₾,https://apiv1.biblusi.ge/storage/book/HR91HM2IetBHK9UQ67IxlQFv88PmbsFzaze6fLaZ.jpg
The Fury,52.95 ₾,https://apiv1.biblusi.ge/storage/book/x9w1Nsd3tGPpDfZlVBvSTLIPwYrGeETzN7aaWgeZ.jpg
მიხეილ ჯავახიშვილი - ლამბალო და ყაშა,22 ₾,https://apiv1.biblusi.ge/storage/book/JLzNnG2Hlp5uJgrVLrK8WjqKkb8ehzSGSq6dUFQ1.png
HAIKYU!! VOL. 01,25.99 ₾,https://apiv1.biblusi.ge/storage/book/qEaponnCKYkkaf4GPXLunRflVO1AbtPDMMcQYFns.jpg
დანიელ ჭონქაძე - სურამის ციხე,22 ₾,https://apiv1.biblusi.ge/storage/book/S7kcHZPtQgR32g9ySeSsnUzGMtQ1RxYgAwku0ZU8.png
კლასგარეშე საკითხავი-პარადიის არდადეგები,9.95 ₾,https://apiv1.biblusi.ge/storage/book/vazcRG6nURS9XFZHnSNiKXKiY0wB06Gneo3TPaRp.jpg
BLACK CLOVER VOL. 02,25.99 ₾,https://apiv1.biblusi.ge/storage/book/pQPcQUj97X9PCEhqQQ4YGv63sZJbPPThyrqiinN1.jpg
ჰეკატე - სიზმრები,19.95 ₾,https://apiv1.biblusi.ge/storage/book/9Ni28k6pmO55YSaFs2ei3Gx9J8J0S69Xivu3Lf87.png
კლასგარეშე საკითხავი-პალომა _ უცნაური მეფის ასული,14.95 ₾,https://apiv1.biblusi.ge/storage/book/q87YJ7Llp5ws871jlkY1Vd72JTHrPCZI0lL54aCF.jpg
მსოფლიოს ისტორია ილუსტრირებული 3ტ,27.95 ₾,https://apiv1.biblusi.ge/storage/book/lmmscEv8D746xfOOR9pUL3CCeXDo58v7DrkSlMmL.png
NARUTO: SAKURA'S STORY,25.99 ₾,https://apiv1.biblusi.ge/storage/book/W94xfyzJyStbO9nOz0peK0xcghEaLBt9G9IdZIy1.jpg
NARUTO: KAKASHI'S STORY 6TH,25.99 ₾,https://apiv1.biblusi.ge/storage/book/AfUlqPFExxx6loQOrQWHtkpFDvRG3sdDfaHbSncn.jpg
ნდობის სისწრაფე,24.95 ₾,https://apiv1.biblusi.ge/storage/book/IbuwIViCwNYurndH6oTiJYxquetQTolzoYmSyc9O.png
ვირჯინია ვულფი - საკუთარი ოთახი,11.95 ₾,https://apiv1.biblusi.ge/storage/book/V7C2NNZ4hjzvlONWsx7OAY2EVAvt91kiT4TcWgqD.png
POKEMON ADV B2W2 04,25.99 ₾,https://apiv1.biblusi.ge/storage/book/NxxixCUTPJMjA2mEjkvJpHNg7n6RZ8hA7U2ZYYvW.jpg
